Ime,Email
Nika G.,nika.gregoric@example.com
Lara K.,lara.kolar@example.com
Maja F.,maja.furlan@example.com
Lara T.,lara.turk@example.com
Domen O.,domen.oblak@example.com
Petra B.,petra.bizjak@example.com
Jan T.,jan.turk@example.com
Urban K.,urban.kranjc@example.com
Neža Z.,neza.zajc@example.com
Klara G.,klara.gregoric@example.com
Anja K.,anja.kolar@example.com
Zala T.,zala.turk@example.com
Klara E.,klara.erjavec@example.com
Marko V.,marko.vidmar@example.com
Tamara M.,tamara.medved@example.com
Simona O.,simona.oblak@example.com
Ema H.,ema.horvat@example.com
Karmen B.,karmen.bizjak@example.com
Žiga P.,ziga.pavlic@example.com
Simona K.,simona.kolar@example.com
Zala Z.,zala.zupan@example.com
Tamara Z.,tamara.zajc@example.com
Anja G.,anja.gregoric@example.com
Klara P.,klara.petric@example.com
Irena L.,irena.lah@example.com
Sara O.,sara.oblak@example.com
Urban M.,urban.medved@example.com
Ana P.,ana.pavlic@example.com
Nina N.,nina.novak@example.com
Marko N.,marko.novak@example.com
Vid K.,vid.kos@example.com
Nina F.,nina.furlan@example.com
Rok Z.,rok.zorec@example.com
Bojan P.,bojan.potocnik@example.com
Ana P.,ana.potocnik@example.com
Eva M.,eva.mlakar@example.com
Neža L.,neza.leban@example.com
Petra J.,petra.jenko@example.com
Matej Š.,matej.sinkovec@example.com
Tadej H.,tadej.hribar@example.com
Simona P.,simona.petric@example.com
Alja M.,alja.medved@example.com
Miha M.,miha.medved@example.com
Andrej K.,andrej.kranjc@example.com
Matej H.,matej.hribar@example.com
Ana B.,ana.bizjak@example.com
Ana G.,ana.gregoric@example.com
Tadej K.,tadej.kolar@example.com
Bojan K.,bojan.kos@example.com
Neža K.,neza.kosi@example.com
Matic B.,matic.babic@example.com
Irena P.,irena.potocnik@example.com
Ana K.,ana.kolar@example.com
Eva P.,eva.perko@example.com
Ana P.,ana.pavlic@example.com
Miha O.,miha.oblak@example.com
Tanja P.,tanja.potocnik@example.com
Petra T.,petra.turk@example.com
David H.,david.hribar@example.com
Nika N.,nika.novak@example.com
David V.,david.vidmar@example.com
Tadej L.,tadej.lah@example.com
Barbara K.,barbara.kos@example.com
Simona L.,simona.leban@example.com
Irena K.,irena.kosi@example.com
Rok G.,rok.gregoric@example.com
Bojan M.,bojan.mlakar@example.com
Eva Š.,eva.sinkovec@example.com
Andrej G.,andrej.golob@example.com
Jan K.,jan.kolar@example.com
Vid K.,vid.kos@example.com
Urban J.,urban.jenko@example.com
Irena K.,irena.kralj@example.com
Karmen D.,karmen.dolenc@example.com
Bojan D.,bojan.dolenc@example.com
Simona G.,simona.gregoric@example.com
Katja P.,katja.potocnik@example.com
Rok S.,rok.sever@example.com
Rok H.,rok.hocevar@example.com
Bojan G.,bojan.gregoric@example.com
Rok P.,rok.petric@example.com
Barbara B.,barbara.bizjak@example.com
Andrej Z.,andrej.zajc@example.com
Urban Z.,urban.zajc@example.com
Anja K.,anja.kranjc@example.com
Matic G.,matic.gregoric@example.com
Jan K.,jan.kranjc@example.com
Lea P.,lea.potocnik@example.com
Urban D.,urban.dolenc@example.com
Domen K.,domen.kralj@example.com
Jure O.,jure.oblak@example.com
Jan O.,jan.oblak@example.com
Jure K.,jure.kranjc@example.com
Maja F.,maja.furlan@example.com
Tadej Z.,tadej.zajc@example.com
Karmen K.,karmen.kralj@example.com
Zala T.,zala.turk@example.com
Žiga Z.,ziga.zupan@example.com
Zala O.,zala.oblak@example.com
Marko Z.,marko.zajc@example.com
